過敏性鼻炎,['allergic rhinitis'],"['耳鼻喉科', '家醫科']",['鼻'],"['打噴嚏', '眼睛癢', '耳朵癢', '鼻塞', '流鼻涕', '鼻涕倒流', '頭暈', '注意力無法集中', '黑眼圈']",https://health.udn.com/disease/sole/178
白內障,['cataract'],['眼科'],['眼'],"['視力不穩定', '視力模糊', '複視', '畏光', '夜間炫光', '物體明暗對比難分辨', '色調改變', '物體顏色變暗', '近視度數逐年大增', '伸手不見五指']",https://health.udn.com/disease/sole/288
青光眼,['Glaucoma'],['眼科'],['眼'],"['眼睛痛', '發紅', '同側頭痛', '噁心', '視力模糊', '視覺範圍縮小', '嘔吐']",https://health.udn.com/disease/sole/289
麥粒腫,['Hordeolum'],['眼科'],['眼'],"['眼屎多', '紅眼', '眼皮紅腫按了會痛']",https://health.udn.com/disease/sole/225
口瘡,"['Aphthous ulcer', 'Canker Sore']","['家醫科', '耳鼻喉科', '牙科', '風濕過敏免疫科']",['口腔'],"['唇破', '舌破', '頰內潰爛', '牙齦紅腫', '進食痛', '灼熱感', '口乾舌燥']",https://health.udn.com/disease/sole/191
口臭,['Halitosis'],"['家醫科', '牙科', '胃腸肝膽科']",['口腔'],"['嘴臭', '嘴苦', '口乾舌燥', '髮乾', '牙齦腫痛', '發燒', '舌苔', '腸胃脹氣', '消化不良', '胸悶', '便祕', '頻尿', '胃痛', '煩躁', '失眠', '疲倦']",https://health.udn.com/disease/sole/192
乾眼症,"['Xerophthalmia', 'Dry eye syndrome']",['眼科'],['眼'],"['視力模糊', '異物感', '敏感怕光', '想流淚', '眼睛易疲勞', '眼睛睜不開', '很想閉眼睛', '覺得眼壓高', '眼睛脹脹感', '頭痛', '眼睛紅']",https://health.udn.com/disease/sole/290
急性結膜炎,['acute conjunctivitis'],['眼科'],['眼'],"['流眼淚', '眼睛癢', '紅眼', '分泌物多', '畏光', '眼睛痛']",https://health.udn.com/disease/sole/291
視網膜剝離,['retinal detachment'],['眼科'],['眼'],"['視力模糊', '眼前出現黑點', '眼前異常閃光', '視野缺損']",https://health.udn.com/disease/sole/292
黃斑部病變,"['age-related macular degeneration', 'AMD']",['眼科'],['眼'],"['影像扭曲', '視力模糊']",https://health.udn.com/disease/sole/293
飛蚊症,"['Floater', 'Vitreous opacity']",['眼科'],['眼'],"['眼前出現黑點', '視力干擾', '偶有出現閃電的感覺']",https://health.udn.com/disease/sole/294
中耳炎,"['tympanitis', 'otitis media']",['耳鼻喉科'],['耳'],"['耳痛', '耳鳴', '鼻塞', '發燒', '聽力減退']",https://health.udn.com/disease/sole/61687
梅尼爾氏症,"[""Meniere's disease""]",['耳鼻喉科'],['耳'],"['耳塞', '眩暈', '耳鳴', '重聽', '噁心', '嘔吐']",https://health.udn.com/disease/sole/61688
鼻竇炎,['Sinusitis'],['耳鼻喉科'],['鼻'],"['頭痛', '鼻塞', '發燒', '流黃鼻涕', '咳嗽', '鼻涕倒流']",https://health.udn.com/disease/sole/61689
慢性鼻炎,['Chronic rhinitis'],['耳鼻喉科'],['鼻'],"['鼻塞', '耳悶塞感', '重聽', '流鼻涕', '打噴嚏']",https://health.udn.com/disease/sole/61691
鼻中膈彎曲,['Nasoseptal deviation'],['耳鼻喉科'],['鼻'],"['鼻塞', '流鼻血', '流鼻涕', '頭痛']",https://health.udn.com/disease/sole/61692
睡眠呼吸中止症,['Sleep Apnea'],"['耳鼻喉科', '神經科', '身心精神科', '呼吸胸腔科']",['鼻'],"['打呼', '打鼾', '嗜睡', '精神不濟']",https://health.udn.com/disease/sole/61693
腮腺炎,['epidemic parotitis'],['耳鼻喉科'],['臉'],"['臉部疼痛', '臉部腫脹', '頭痛', '發燒', '噁心', '畏寒', '喉嚨痛', '腮腺腫大']",https://health.udn.com/disease/sole/61696
扁桃腺炎,['tonsillitis'],"['耳鼻喉科', '小兒科']",['咽喉'],"['發燒', '喉嚨痛', '食欲不振', '咳嗽', '流鼻水', '扁桃腺腫大', '顎下淋巴結腫大', '畏寒', '頭痛']",https://health.udn.com/disease/sole/61697
口腔癌,['Oral cancer'],"['牙科', '耳鼻喉科', '整型外科', '口腔顎面外科', '口腔病理及診斷科', '腫瘤內科', '放射腫瘤科']",['口腔'],"['口腔黏膜變白', '口腔出現紅白斑或紅斑', '口腔腫塊', '口腔潰瘍久不癒合', '口腔不明出血', '頸部硬塊', '舌頭知覺喪失', '舌側緣出現周圍變硬的腫塊或潰瘍']",https://health.udn.com/disease/sole/63998
牙周病 ,['Periodontal disease'],['牙科'],"['牙齒', '牙周組織']","['口臭', '牙齦萎縮', '牙齦出血', '牙齦紅腫', '牙齒搖動', '牙齒脫落', '牙齒外觀變長', '牙齒位置偏移', '咬合無力', '咀嚼無力', '牙縫變大', '牙根暴露', '吃冷、熱食敏感']",https://health.udn.com/disease/sole/64038
牙髓炎,['Pulpitis'],['牙科'],['牙髓'],"['劇烈牙痛', '牙齒抽痛', '牙齒酸痛', '吃冷熱食敏感', '刷牙敏感', '吃酸、甜食物敏感', '牙齦紅腫', '臉部腫脹', '發燒', '發冷', '夜間睡眠時的自發性牙痛']",https://health.udn.com/disease/sole/64040
牙齦炎,['gingivitis'],['牙科'],"['牙齦', '牙肉']","['牙齦紅腫', '牙齦出血', '牙齦脹痛', '牙齒鬆脫', '發燒', '口臭', '臉部腫脹', '若不經治療，會惡化成牙周炎，使牙周骨破壞，造成牙齦萎縮']",https://health.udn.com/disease/sole/64041
顳顎關節障礙症,"['Temporo-mandibular joint disorder', 'TMJ disorders', 'TMD']","['牙科', '骨科', '身心精神科', '復健科', '外科']",['顳顎關節（下巴關節）'],"['張口疼痛', '嘴開閉時有異聲', '咀嚼疼痛', '開口困難', '張口中線偏斜', '臉部肌肉痠痛', '肩頸酸痛', '下巴脫臼', '頭痛', '耳鳴', '耳內疼痛', '發音障礙']",https://health.udn.com/disease/sole/64042
口腔黏膜白斑症,"['Oral Leukoplakia', ' OL']","['牙科', '耳鼻喉科']",['口腔（口腔黏膜）'],"['頰黏膜白斑', '舌白斑', '牙齦白斑', '唇黏膜白斑', '病灶外觀呈白色或灰白色的斑塊，分布在口內頰黏膜、舌表面與舌側緣，而唇黏膜、牙齦、口底、腭部、嘴角內側（唇聯合）等處亦可能出現。此異樣斑塊無法以擦拭法刮除，臨床上患者一開始並無自覺感，後來以舌尖碰處該處黏膜會有粗糙感，少數會對辛辣和刺激性的食物逐漸變敏感']",https://health.udn.com/disease/sole/64043
口腔黏膜下纖維化症,"['Oral Submucous Fibrosis', ' OSF']","['牙科', '耳鼻喉科']",['口腔（口腔黏膜）'],"['口腔黏膜泛白', '硬化失去彈性', '有時會起水泡/潰瘍，或有纖維化帶', '張口困難', '進食困難', '吞嚥困難', '對辣味食物敏感、疼痛', '味覺減退', '口乾', '耳痛', '喉痛', '鼻音']",https://health.udn.com/disease/sole/64044
植體周圍炎,['Peri-implantitis'],['牙科'],"['牙齒', '口腔']","['植體區發炎', '牙肉紅腫疼痛', '刷牙流血', '化膿', '植體搖晃', '齒槽骨萎縮', '植體脫落']",https://health.udn.com/disease/sole/64045
膽脂瘤,['Cholesteatoma'],['耳鼻喉科'],['耳'],"['耳朵流膿', '耳臭', '耳脹', '耳鳴', '耳痛', '聽力減退', '聽力喪失', '顏面神經麻痺', '臉歪嘴斜', '吞嚥困難', '不平衡感', '眩暈', '頭痛']",https://health.udn.com/disease/sole/88091
結膜下出血,['Subconjunctival hemorrhage'],['眼科'],['眼結膜'],"['眼睛輕微刺痛', '眼白血紅']",https://health.udn.com/disease/sole/111655
高血脂,['Hyperlipidemia'],"['代謝內分泌科', '心臟血管科', '家醫科']",['血液'],"['血濁', '黃色瘤', '黃斑瘤', '頭暈', '目眩', '胸悶', '嗜睡', '心悸', '頭痛', '氣短', '乏力', '手腳麻木']",https://health.udn.com/disease/sole/174
心臟病,['heart disease'],['心臟血管科'],['心臟'],"['胸痛', '心悸', '氣喘', '呼吸困難', '疲倦', '頭暈', '昏厥', '水腫', '活動量下降', '咳血', '腹痛', '發紺', '盜汗', '左肩疼痛', '背痛', '咳嗽']",https://health.udn.com/disease/sole/183
肺栓塞,"['Pulmonary Embolism', 'PE']","['心臟血管科', '呼吸胸腔科', '血液腫瘤科']",['肺臟'],"['肋膜性胸痛', '呼吸困難', '呼吸短促', '水腫', '發紺', '心搏過快', '咳嗽', '咳血', '發燒', '昏厥', '暈昡', '頸靜脈怒張']",https://health.udn.com/disease/sole/184
心肌梗塞,"['Myocardial Infarction', 'MI']","['心臟血管科', '呼吸胸腔科']",['心臟'],"['持續性胸痛', '胸悶', '盜汗', '臉色蒼白', '四肢冰冷', '噁心', '嘔吐', '全身虛弱無力', '暈眩', '呼吸困難', '休克']",https://health.udn.com/disease/sole/185
猝死,"['Sudden Death', ' SD']","['心臟血管科', '小兒科']",['心臟'],"['全身倦怠', '氣促', '胸悶', '心悸', '心絞痛', '頭暈', '昏倒', '休克', '心跳驟停', '呼吸停止', '無脈搏', '無血壓', '無意識', '瞳孔放大']",https://health.udn.com/disease/sole/186
高血壓,"['Hypertension', ' H/T', ' HTN']","['心臟血管科', '家醫科']","['心臟', '血管']","['頭重', '暈眩', '頭痛', '流鼻血', '耳鳴', '眼花', '失眠', '心悸', '疲累', '肩膀痠痛', '無精打采', '噁心', '嘔吐', '抽搐', '昏迷']",https://health.udn.com/disease/sole/187
低血壓,['Hypotension'],"['心臟血管科', '家醫科']","['心臟', '血管']","['易疲倦', '全身乏力', '昏沉嗜睡', '暈眩', '耳鳴', '視力模糊', '注意力不集中', '四肢冰冷', '冒冷汗', '心悸', '胸悶', '食慾不振', '貧血', '腹鳴', '便祕', '下痢', '腸積氣', '腹部鼓脹', '打嗝', '意識不清', '腳腫', '昏厥', '休克']",https://health.udn.com/disease/sole/188
先天性心臟病,"['Congenital Heart Disease', ' CHD']","['心臟血管科', '小兒科']",['心臟'],"['易流手汗', '焦慮', '緊張', '頭痛', '臉色蒼白', '呼吸困難', '呼吸急促', '嘴唇發紫', '四肢發紺', '四肢浮腫', '心悸', '心跳快', '心臟雜音', '發育遲緩', '體力差', '易疲倦', '胸痛', '暈厥']",https://health.udn.com/disease/sole/189
心肌炎,['myocarditis'],['心臟血管科'],['心臟'],"['咳嗽', '發燒', '流鼻水', '倦怠', '腹瀉腹痛', '肌肉疼痛', '頭暈', '嘔吐', '胸痛', '心跳加快', '昏倒', '異常心音', '心律不整', '發紺', '浮腫', '心悸', '氣喘']",https://health.udn.com/disease/sole/181
冠心病,['coronary artery disease'],['心臟血管科'],['心臟'],"['胸悶', '胸痛', '喘不過氣', '心悸', '暈倒', '冒冷汗', '噁心', '嘔吐', '呼吸困難', '頭暈']",https://health.udn.com/disease/sole/182
皮膚癌,['SkinCancer'],"['血液腫瘤科', '皮膚科']",['皮膚'],"['皮膚不明腫塊', '痣變大', '痣變色', '傷口久不癒合']",https://health.udn.com/disease/sole/63971
血癌,['Leukemia'],['血液腫瘤科'],['血液'],"['貧血', '皮膚點狀出血', '皮膚青腫', '發燒', '淋巴結腫大', '骨頭疼痛', '關節痛', '牙齦腫脹', '肝脾腫大', '頭痛', '嘔吐', '心包膜積水', '肋膜腔積水', '心臟衰竭', '呼吸困難', '心跳加快', '有倦怠感', '體重減輕', '帶狀皰疹', '肺炎']",https://health.udn.com/disease/sole/63972
肝癌,['Liver Cancer'],"['血液腫瘤科', '胃腸肝膽科']",['肝'],"['肝區疼痛', '乏力', '黃疸', '腹水', '體重減輕', '食慾減退', '上腹悶脹', '噁心嘔吐', '腹瀉', '咳嗽', '咳血', '發燒', '胸痛', '呼吸困難']",https://health.udn.com/disease/sole/63973
胃癌,['Stomach Cancer'],"['血液腫瘤科', '胃腸肝膽科']",['胃'],"['上腹部不適', '胃痛', '泛酸', '噯氣', '食慾減退', '噁心', '胃脘部灼熱', '腹瀉', '黑便', '體重減輕']",https://health.udn.com/disease/sole/63974
膽囊癌,['Gallbladder Carcinoma'],"['血液腫瘤科', '胃腸肝膽科']",['膽'],"['右上腹脹痛', '食慾不振', '噁心', '嘔吐', '黃疸', '高燒、右上腹腫塊', '腹水']",https://health.udn.com/disease/sole/63975
胰腺癌,['Pancreas Cancer'],"['血液腫瘤科', '胃腸肝膽科']",['胰'],"['右上腹脹痛', '背痛', '食慾不振', '噁心', '嘔吐', '腹瀉', '便秘', '疲倦', '黃疸', '體重減輕', '皮膚搔癢', '灰白色糞便', '茶色尿液']",https://health.udn.com/disease/sole/63976
嗜鉻細胞瘤,['Pheochromocytoma'],['血液腫瘤科'],['腎上腺'],"['高血壓', '心悸', '氣短', '胸悶', '頭痛', '面色蒼白', '大量出汗', '視力模糊', '皮膚潮紅', '噁心', '嘔吐', '體溫升高', '血糖升高', '便秘', '四肢震顫', '心絞痛', '焦慮', '瞳孔散大']",https://health.udn.com/disease/sole/63977
神經母細胞瘤,['Neuroblastoma'],['血液腫瘤科'],"['腎上腺', '神經']","['症狀與腫瘤位置有關（如在肚子內、胸腔、脊髓內、腎上腺內，會引起不同症狀）', '肚子腫大', '呼吸困難', '下肢麻痺', '四肢無力', '步態不穩', '貧血', '高血壓', '頭痛', '潮紅', '盜汗']",https://health.udn.com/disease/sole/63978
黑色素瘤,['Melanoma'],"['血液腫瘤科', '皮膚科', '一般外科']","['皮膚', '指甲', '黏膜']","['痣變大', '痣變色']",https://health.udn.com/disease/sole/63979
淋巴癌,['Lymphoma'],['血液腫瘤科'],['淋巴系統'],"['淋巴腺腫大', '貧血', '發燒', '出汗', '體重減輕', '皮膚瘙癢', '疲倦', '咳嗽']",https://health.udn.com/disease/sole/63980
睪丸癌,['Testicular cancer'],"['血液腫瘤科', '泌尿科']",['睪丸'],"['睪丸腫大', '睪丸有沈重感', '睪丸疼痛', '陰囊積水', '睪丸內出血', '乳腺增大', '乳腺疼痛', '背痛', '咳嗽', '咳血', '骨頭痛', '下肢浮腫']",https://health.udn.com/disease/sole/63981
膀胱癌,['Bladder cancer'],"['血液腫瘤科', '泌尿科']",['膀胱'],"['無痛血尿', '頻尿', '排尿困難', '膀胱炎', '尿路感染', '膀胱出口阻塞', '腎絞痛', '體重減輕', '腹痛', '骨頭痛', '貧血']",https://health.udn.com/disease/sole/63982
食道癌,['Esophageal Cancer'],"['血液腫瘤科', '呼吸胸腔科']",['食道'],"['吞嚥困難', '吞嚥時有疼痛感', '噁心', '嘔吐', '嘔血', '胃食道逆流', '咳嗽', '發燒']",https://health.udn.com/disease/sole/63983
鼻咽癌,['Nasopharyngeal Carcinoma'],"['血液腫瘤科', '耳鼻喉科']",['鼻'],"['頭頸部腫大', '單側耳塞', '持續性耳鳴', '聽力障礙', '單側鼻塞或鼻涕增多', '頭痛', '口鼻不明原因滲血', '鼻腔蓄膿', '眼球內斜', '複視', '視力模糊', '臉部知覺麻痺']",https://health.udn.com/disease/sole/63984
大腸癌,['Colorectal cancer'],"['血液腫瘤科', '胃腸肝膽科', '大腸直腸科']",['大腸'],"['下消化道出血', '排便習慣改變', '便秘', '大便解不乾淨感', '大便變細', '大便有黏液', '腹痛', '腹部腫塊', '貧血', '血便']",https://health.udn.com/disease/sole/63985
甲狀腺癌,['Thyroid carcinoma'],"['甲狀腺腫瘤', '代謝內分泌科']",['甲狀腺'],"['頸部腫大', '頸部硬塊', '聲音沙啞', '吞嚥困難', '體重減輕', '呼吸困難', '胸部不適']",https://health.udn.com/disease/sole/63986
腎癌,['renal cell carcinoma'],"['血液腫瘤科', '泌尿科', '腎臟科']",['腎'],"['腹部疼痛', '血尿', '疲勞', '發燒', '盜汗', '食慾不振', '體重減輕', '腹部腫塊', '貧血', '咳血', '感覺遲鈍', '雙腿水腫', '腰痛']",https://health.udn.com/disease/sole/63987
肺癌,['Lung cancer'],"['血液腫瘤科', '呼吸胸腔科', '胸腔外科']",['肺'],"['咳嗽', '咳血', '厭食', '呼吸困難', '肋膜積水', '聲音嘶啞', '吞嚥困難', '上腔靜脈症候群', '手臂疼痛', '手臂無力', '頭痛', '嘔吐', '視覺障礙', '骨頭疼痛', '體重減輕']",https://health.udn.com/disease/sole/63988
肺腺癌,['Lung adenocarcinoma'],"['血液腫瘤科', '呼吸胸腔科', '胸腔外科']",['肺'],"['咳嗽', '咳血', '胸悶', '胸痛', '發燒']",https://health.udn.com/disease/sole/63989
子宮頸癌,['Cervical Cancer'],"['血液腫瘤科', '婦產科']",['子宮'],"['陰道出血', '分泌物增多']",https://health.udn.com/disease/sole/63990
子宮內膜癌,['carcinoma of the endometrium'],"['血液腫瘤科', '婦產科']",['子宮'],"['停經後出血', '異常子宮出血', '腹部疼痛', '月經不規則', '子宮積膿', '貧血']",https://health.udn.com/disease/sole/63991
乳癌,['Breast cancer'],"['血液腫瘤科', '一般外科', '整形外科']",['乳房'],"['乳房腫塊', '乳腺疼痛', '乳頭流液', '乳頭出血', '乳頭凹陷', '乳房外型改變', '乳房皮膚呈橘皮組織', '乳房紅腫', '乳房潰爛', '腋下淋巴腺腫大']",https://health.udn.com/disease/sole/63992
卵巢癌,"['Ovary cancer', 'Ovarial cancer']","['血液腫瘤科', '婦產科']",['卵巢'],"['便秘', '腹瀉', '腹部疼痛', '腹部腫脹', '噁心', '脹氣', '體重減輕', '下肢水腫', '外陰水腫', '月經失調', '陰道出血', '頻尿', '排尿困難', '腰部疼痛']",https://health.udn.com/disease/sole/63993
陰道癌,['Vaginal cancer'],"['血液腫瘤科', '婦產科']",['陰道'],"['白帶增多', '陰道分泌物增多', '陰道出血', '頻尿', '血尿', '血便', '便秘', '腹痛', '陰道異味', '腰部酸痛', '腹脹', '性交疼痛', '陰道搔癢', '陰道有隆起物']",https://health.udn.com/disease/sole/63994
攝護腺癌,['Prostatic cancer'],"['血液腫瘤科', '泌尿科']",['攝護腺'],"['排尿疼痛', '排尿困難', '頻尿', '夜尿', '血尿', '性功能障礙', '勃起困難', '射精疼痛', '漏尿', '背痛', '臀部痛', '骨盆痛', '尿流口徑減小', '血精']",https://health.udn.com/disease/sole/63995
血友病,['Hemophilia'],"['血液腫瘤科', '小兒科']",['血液'],"['出血不止', '淤青']",https://health.udn.com/disease/sole/63996
地中海貧血,['Thalassemia'],"['血液腫瘤科', '小兒科', '家醫科']",['血液'],"['貧血', '虛弱', '腹部突出', '發育遲緩', '肝脾腫大', '黃疸', '骨骼變形', '蒼白', '頭暈', '疲倦', '胎兒水腫', '運動耐受力降低']",https://health.udn.com/disease/sole/63997
下肢靜脈曲張,['Varicose Veins of the Lower Extremities'],"['一般外科', '心臟血管科']",['下肢皮膚'],"['血管浮凸', '皮膚癢', '表層皮膚乾燥變薄', '皮膚色素沉著', '夜間腿部抽筋', '下肢酸痛', '下肢燒灼感', '下肢水腫', '下肢沉重感', '皮膚潰瘍', '血管破裂出血', '微血管擴張']",https://health.udn.com/disease/sole/60910
脾破裂,['Splenic Rupture'],['一般外科'],['脾'],"['出血', '腹痛', '腹脹', '口渴', '心悸', '呼吸急促', '皮膚蒼白', '四肢冰冷', '血壓下降']",https://health.udn.com/disease/sole/60911
十二指腸潰瘍,['duodenal ulcer'],['胃腸肝膽科'],['十二指腸'],"['腹痛', '腹部灼熱感', '胸悶', '胃痛', '餓痛', '胃脹', '胃悶', '胃酸過多', '易餓', '睡眠品質差', '頭昏', '腦脹', '頸部酸緊', '全身酸痛', '火氣大', '溢酸', '打嗝', '噁心', '嘔吐', '消化不良', '食欲不振', '腹瀉', '便秘', '吐血', '黑便', '血便']",https://health.udn.com/disease/sole/265
腸躁症,['Irritable Bowel Syndrome'],"['胃腸肝膽科', '身心精神科']",['大腸'],"['腹脹', '腹痛', '腹瀉', '便秘', '噁心', '反胃', '胃痛', '胃脹', '胃悶', '消化不良', '食欲不振', '疲倦', '水便', '排便次數增加', '不易解便', '排便不淨', '排便費力', '排氣']",https://health.udn.com/disease/sole/266
大腸息肉,['adenomatous polyposis'],['胃腸肝膽科'],['大腸'],"['血便', '排便不淨', '腹痛', '便秘', '噁心', '嘔吐', '腹瀉']",https://health.udn.com/disease/sole/267
闌尾炎,['Appendicitis'],"['胃腸肝膽科', '一般外科']",['闌尾'],"['腹痛', '食欲不振', '噁心', '嘔吐', '發燒', '便秘', '腹瀉', '血便']",https://health.udn.com/disease/sole/268
膽結石,['Gallstones'],['胃腸肝膽科'],['膽'],"['腹痛', '消化不良', '腹脹', '胃痛', '反胃']",https://health.udn.com/disease/sole/269
膽囊炎,['Cholecystitis'],"['胃腸肝膽科', '一般外科']",['膽'],"['腹痛', '發燒', '腹部硬塊', '食慾不振', '噁心', '嘔吐', '脹氣', '灰色便', '茶色尿', '皮膚搔癢', '心灼熱', '消化不良', '體重減輕', '背痛']",https://health.udn.com/disease/sole/270
膽囊息肉,['gallbladder polyp'],['胃腸肝膽科'],['膽'],"['腹痛', '飽餐後不適感']",https://health.udn.com/disease/sole/271
腹膜炎,['腹膜炎'],"['胃腸肝膽科', '一般外科']",['腹腔'],"['腹痛', '腹脹', '噁心', '嘔吐', '發燒', '畏寒', '食慾不振', '排尿減少', '呼吸困難', '血壓下降', '白血球升高']",https://health.udn.com/disease/sole/272
胃病,"['Stomach trouble', 'Gastric disease']",['胃腸肝膽科'],"['胃', '食道', '十二指腸']","['溢酸', '打嗝', '噁心', '嘔吐', '胃痛', '胃脹', '胸悶', '腹脹', '腹痛', '消化不良', '食欲不振', '腹瀉', '便秘', '吐血', '黑便', '血便']",https://health.udn.com/disease/sole/273
胃潰瘍,"['Gastric ulcer', ' Stomach ulcer']",['胃腸肝膽科'],"['胃', '食道', '十二指腸']","['腹痛', '腹部灼熱感', '胸悶', '胃痛', '胃酸過多', '胃脹', '胃悶', '易有飢餓感', '口苦', '口乾', '口臭', '睡眠品質差', '頭昏', '腦脹', '頸部酸緊', '全身酸痛', '火氣大', '溢酸', '打嗝', '噁心', '嘔吐', '消化不良', '食欲不振', '腹瀉', '便秘', '吐血', '黑便', '血便']",https://health.udn.com/disease/sole/274
急性胃炎,['Acute gastritis'],['胃腸肝膽科'],['胃'],"['腹痛', '腹部灼熱感', '胸悶', '胃痛', '胃酸過多', '胃脹', '胃悶', '易有飢餓感', '溢酸', '打嗝', '噁心', '嘔吐', '消化不良', '食欲不振', '腹瀉', '便秘', '吐血', '黑便', '血便']",https://health.udn.com/disease/sole/275
慢性胃炎,['Chronic gestritis'],['胃腸肝膽科'],['胃'],"['腹痛', '腹部灼熱感', '胸悶', '胃痛', '胃酸過多', '胃脹', '胃悶', '易有飢餓感', '溢酸', '打嗝', '噁心', '嘔吐', '消化不良', '食欲不振', '腹瀉', '便秘', '吐血', '黑便', '血便']",https://health.udn.com/disease/sole/276
功能性消化不良,['Functional dyspesia'],['胃腸肝膽科'],"['腹部', '胃部', '食道', '十二指腸']","['溢酸', '打嗝', '噁心', '嘔吐', '胃痛', '胃脹', '胸悶', '腹脹', '腹痛', '消化不良', '食欲不振', '腹瀉', '便秘', '易有飽脹感']",https://health.udn.com/disease/sole/277
胃下垂,"['Gastoptosis', ' ptosis of the stomach']",['胃腸肝膽科'],['胃'],"['腹痛', '腹脹', '胃痛', '胃脹', '胃悶', '打嗝', '噁心', '嘔吐', '消化不良', '食欲不振', '腹瀉', '便秘', '易有飽脹感']",https://health.udn.com/disease/sole/278
胃炎,['Gastritis'],['胃腸肝膽科'],['胃'],"['上腹部疼痛', '上腹部灼熱感', '胸悶', '胃痛', '胃酸過多', '胃脹', '胃悶', '易有飢餓感', '溢酸', '打嗝', '噁心', '嘔吐', '消化不良', '食欲不振', '腹瀉', '便秘', '吐血', '黑便', '血便']",https://health.udn.com/disease/sole/279
上消化道出血,['upper gastrointestinal bleeding'],['胃腸肝膽科'],"['食道', '胃', '十二指腸']","['頭暈', '四肢冰冷', '胃痛', '嘔血', '黑便', '噁心', '嘔吐', '血壓偏低', '盜汗', '口渴', '皮膚蒼白', '心悸']",https://health.udn.com/disease/sole/280
消化道出血,['英文名稱\tbleeding of the gastro intestinal tract'],['胃腸肝膽科'],"['食道', '胃', '十二指腸', '盲腸', '大腸', '小腸', '乙狀結腸', '直腸', '肛門']","['頭暈', '四肢冰冷', '胃痛', '嘔血', '黑便', '噁心', '嘔吐', '血壓偏低', '盜汗', '口渴', '皮膚蒼白', '心悸', '呼吸困難', '心口灼熱', '尿量減少']",https://health.udn.com/disease/sole/281
便秘,['Constipation'],['胃腸肝膽科'],"['大腸', '直腸', '肛門']","['糞便乾硬', '排便不淨', '排便困難', '排便量少', '排便次數少', '腹痛']",https://health.udn.com/disease/sole/282
尿道炎,['urethritis'],"['泌尿科', '婦產科', '小兒科']",['尿道'],"['排尿疼痛', '灼熱感', '分泌物增多', '頻尿', '血尿', '下腹漲痛', '發燒', '尿液混濁', '尿液惡臭']",https://health.udn.com/disease/sole/206
尿失禁,['urinary incontinence'],"['泌尿科', '婦產科']","['膀胱', '尿道']","['漏尿', '頻尿', '急尿', '解尿困難']",https://health.udn.com/disease/sole/207
間質性膀胱炎,['Interstitial cystitis'],"['泌尿科', '婦產科']",['膀胱'],"['夜尿', '頻尿', '尿急', '漏尿', '下腹疼痛', '焦慮', '緊張']",https://health.udn.com/disease/sole/208
出血性膀胱炎,['hemorrhagic cystitis'],['泌尿科'],['膀胱'],"['血尿', '膀胱疼痛', '膀胱痙攣', '排尿疼痛']",https://health.udn.com/disease/sole/209
攝護腺炎,['Prostatitis'],['泌尿科'],['攝護腺'],"['攝護腺痛', '發冷', '發燒', '排尿困難', '頻尿', '血尿', '尿道分泌物', '尿急', '會陰痛', '下腹痛', '鼠蹊部痛', '倦怠', '射精疼痛']",https://health.udn.com/disease/sole/210
攝護腺肥大,['Benign Prostate Hyperplasia'],['泌尿科'],['攝護腺'],"['排尿困難', '排尿無力', '頻尿', '血尿', '尿急', '滴尿', '尿流中斷', '夜尿', '疲倦', '射精帶血']",https://health.udn.com/disease/sole/211
精索靜脈曲張,['Varicocele'],['泌尿科'],"['陰囊', '睾丸']","['睾丸疼痛', '陰囊墜痛']",https://health.udn.com/disease/sole/212
睪丸炎,"['Orchitis', '(Epididymitis)']",['泌尿科'],"['睪丸', '副睪']","['發燒', '發冷', '無力', '蛋白尿', '睪丸紅腫', '睪丸疼痛', '陰囊腫脹']",https://health.udn.com/disease/sole/213
睪丸扭轉,['Testicular Torsion'],['泌尿科'],['睪丸'],"['睪丸疼痛', '陰囊紅腫', '噁心', '嘔吐']",https://health.udn.com/disease/sole/214
尿路結石,['Stones in the urinary tract'],['泌尿科'],"['腎臟', '輸尿管', '膀胱', '尿道']","['腰痛', '腎絞痛', '腹痛', '噁心', '嘔吐', '血尿', '排尿困難', '膿尿', '發燒', '畏寒']",https://health.udn.com/disease/sole/215
膀胱過動症,['Overactive bladder'],"['泌尿科', '婦產科']",['膀胱'],"['尿急', '頻尿', '夜尿', '漏尿']",https://health.udn.com/disease/sole/216
勃起功能障礙,['Erectile dysfunction'],['泌尿科'],['陰莖'],"['陰莖無法勃起', '勃起硬度不足', '不射精', '早洩', '射精疼痛']",https://health.udn.com/disease/sole/217
包莖,['phimosis'],['泌尿科'],"['陰莖', '包皮']","['包皮粘黏', '排尿增加', '包皮紅腫', '排尿困難', '包皮腫大']",https://health.udn.com/disease/sole/218
輸精管阻塞,['obstruction of vas deferens'],['泌尿科'],['輸精管'],"['無精子', '射精疼痛', '射精無力']",https://health.udn.com/disease/sole/219
肝炎,['Hepatitis'],['胃腸肝膽科'],['肝'],"['黃疸', '胃腸不適', '食慾不振', '倦怠', '全身無力', '噁心', '嘔吐', '腹部疼痛', '腹部腫脹', '腹水', '發燒', '紅疹']",https://health.udn.com/disease/sole/253
A型肝炎,['Hepatitis A'],['胃腸肝膽科'],['肝'],"['發燒', '出汗', '畏寒', '肌肉酸痛', '食慾不振', '噁心', '嘔吐', '茶色尿', '腹部腫脹']",https://health.udn.com/disease/sole/254
B型肝炎,['Hepatitis B'],['胃腸肝膽科'],['肝'],"['黃疸', '胃腸不適', '食慾不振', '倦怠', '全身無力', '噁心', '嘔吐', '腹部疼痛', '腹部腫脹', '腹水', '發燒', '紅疹']",https://health.udn.com/disease/sole/255
C型肝炎,['Hepatitis C'],['胃腸肝膽科'],['肝'],"['黃疸', '胃腸不適', '食慾不振', '腹部疼痛', '腹部腫脹', '腹水', '發燒', '紅疹']",https://health.udn.com/disease/sole/256
脂肪肝,['Fatty liver'],['胃腸肝膽科'],['肝'],"['上腹部疼痛或不適', '疲勞', '食欲不振', '腹脹', '肝臟腫大']",https://health.udn.com/disease/sole/257
肝硬化,['Liver cirrhosis'],['胃腸肝膽科'],['肝'],"['食慾減退', '消化不良', '噁心', '嘔吐', '疲倦', '體重減輕', '腹瀉', '腹脹', '上腹部疼痛', '黃疸', '黑便', '下肢浮腫', '男性女乳症', '睪丸萎縮', '肝脾腫大', '鼻血', '牙齦出血']",https://health.udn.com/disease/sole/258
慢性肝炎,['Chronic hepatitis'],['胃腸肝膽科'],['肝'],"['胃腸不適', '食慾不振', '倦怠', '全身無力', '噁心', '嘔吐', '發燒', '便秘', '腹瀉', '腹部疼痛', '腹部腫脹']",https://health.udn.com/disease/sole/259
病毒性肝炎,['Virus hepatitis'],['胃腸肝膽科'],['肝'],"['黃疸', '胃腸不適', '食慾不振', '倦怠', '全身無力', '噁心', '嘔吐', '腹部疼痛', '腹部腫脹', '腹水', '發燒', '紅疹']",https://health.udn.com/disease/sole/260
猛爆性肝炎,['Fulminant Hepatitis'],['胃腸肝膽科'],['肝'],"['黃疸', '噁心', '嘔吐', '食慾不振', '倦怠', '茶色尿', '吐血', '血便', '肝性腦病變']",https://health.udn.com/disease/sole/261
胃食道逆流,['Gastroesophageal Reflux Disease'],['胃腸肝膽科'],"['胃', '食道']","['溢酸', '打嗝', '噁心', '胸痛', '胸部灼熱感', '心口灼熱感', '胸悶', '嘔酸水', '咳嗽', '腹脹', '咽喉痛', '聲音沙啞', '喉部異物感', '呼吸困難', '氣喘', '口臭', '耳痛']",https://health.udn.com/disease/sole/262
腹瀉,['diarrhea'],['胃腸肝膽科'],"['大腸', '小腸']","['腹痛', '腹脹', '發燒', '嘔吐', '噁心', '倦怠', '疲勞', '糞便黏液狀', '稀便', '水便', '排便急迫感', '肛門不適', '血便']",https://health.udn.com/disease/sole/263
急性腸胃炎,['Acute gastroenteritis'],['胃腸肝膽科'],"['胃', '小腸']","['腹脹', '腹痛', '腹瀉噁心', '嘔吐', '胃痛胃脹', '胃悶', '溢酸', '打嗝', '消化不良', '食欲不振', '頭痛', '疲倦', '肌肉酸痛', '發燒']",https://health.udn.com/disease/sole/264
腎炎,['Nephritis'],['腎臟科'],['腎'],"['腰痛', '膿尿', '菌尿', '發燒或伴有頻尿', '尿急', '排尿灼熱感', '血尿', '蛋白尿或伴有下肢水腫', '眼皮浮腫', '高血壓', '夜尿', '寡尿']",https://health.udn.com/disease/sole/61712
腎結石,['Nephrolithiasis'],"['泌尿科', '腎臟科']",['腎'],"['腰痠背痛伴有血尿', '頻尿', '排尿困難', '腹股溝疼痛']",https://health.udn.com/disease/sole/61713
慢性腎功能衰竭,['Chronic Renal Failure'],['腎臟科'],['腎'],"['水腫', '噁心', '嘔吐', '食慾不振', '貧血', '不易止血', '肌肉痙攣', '膚色灰暗', '皮膚搔癢', '疲倦', '嗜睡', '注意力減退', '蛋白尿', '血尿', '夜尿', '尿量減少']",https://health.udn.com/disease/sole/61714
急性腎功能衰竭,['Acute Renal Failure'],['腎臟科'],['腎'],"['發燒', '惡心', '嘔吐', '食慾不振', '腸胃道不適', '水腫', '高血壓', '呼吸急促', '頭痛', '抽搐', '痙攣', '神智混亂', '昏睡', '昏迷', '脫水']",https://health.udn.com/disease/sole/61715
腎絲球腎炎,['glomerulonephritis'],['腎臟科'],['腎'],"['腰痛', '腰酸', '貧血', '食慾不振', '眼皮浮腫', '下肢水腫', '高血壓', '疲倦', '蛋白尿', '血尿', '少尿', '視力減退', '噁心', '嘔吐', '頭暈']",https://health.udn.com/disease/sole/61716
腎積水,['hydronephrosis'],['水腎症'],['腎'],"['排尿不順', '血尿', '水腫', '腰痠', '腰痛', '蛋白尿', '貧血', '疲倦']",https://health.udn.com/disease/sole/61717
尿毒症,['Uremia'],['腎臟科'],['腎'],"['水腫', '惡心', '嘔吐', '貧血', '淤血', '不易止血', '食慾不振', '肌肉痙攣', '膚色灰暗', '皮膚搔癢', '疲倦', '嗜睡', '易怒', '注意力減退', '蛋白尿', '血尿', '排尿困難', '打嗝', '腹瀉']",https://health.udn.com/disease/sole/61718
腎囊腫,"['renal cyst', 'cyst of kidney']",['腎臟科'],['腎'],"['腎臟疼痛', '血尿', '腰痛', '腰部腫塊', '發燒', '倦怠', '頻尿', '蛋白尿', '貧血']",https://health.udn.com/disease/sole/61719
腎盂腎炎,['Pyelone phritis'],"['腎臟科', '感染科']",['腎'],"['腰痛', '排尿疼痛', '畏寒', '發燒', '頻尿', '排尿灼熱', '夜尿', '尿急', '噁心', '嘔吐', '膿尿', '菌尿', '血尿', '蛋白尿']",https://health.udn.com/disease/sole/61720
陰道炎,['vaginitis'],"['婦產科', '泌尿科']",['陰道'],"['陰道搔癢感', '陰道刺痛感', '陰道灼熱感', '陰道分泌物增加', '頻尿', '性交疼痛', '腹痛', '排尿疼痛', '陰道出血', '分泌物惡臭', '陰道紅腫']",https://health.udn.com/disease/sole/61708
陰道痙攣,['vaginismus'],"['婦產科', '身心精神科']",['心理'],"['心慌', '心悸', '噁心', '出汗', '陰道痙攣', '陰道疼痛', '緊張', '焦慮', '恐懼']",https://health.udn.com/disease/sole/239
小兒麻痺,['Poliomyelitis'],"['小兒科', '家醫科']","['肌肉', '神經系統']","['發燒', '倦怠', '噁心', '頭痛', '肌肉疼痛', '呼吸困難', '頸部僵硬', '吞嚥困難', '肢體無力', '肢體麻痺', '肌肉萎縮']",https://health.udn.com/disease/sole/61678
小兒尿道感染,['urinary tract infection in infants'],['小兒科'],['泌尿系統'],"['膿尿', '發燒', '食慾不振', '哭鬧', '腹脹', '腹瀉', '頻尿', '排尿疼痛', '排尿灼熱感', '尿急', '腹痛', '腰痛', '生長遲緩', '嘔吐', '抽筋', '排便習慣改變', '尿失禁']",https://health.udn.com/disease/sole/61679
隱睪症,"['Cryptorchidism', ' undescended testes']","['小兒科', '小兒外科']",['睪丸'],"['陰囊內摸不到睪丸', '陰囊發育差']",https://health.udn.com/disease/sole/61680
腸病毒,['Enterovirus'],['小兒科'],"['呼吸道', '腸胃道', '眼睛', '心臟', '神經', '皮膚', '泌尿道', '骨骼', '肌肉']","['發燒', '喉嚨痛', '流口水', '情緒不安', '食慾不佳', '嘔吐', '腹瀉', '咳嗽', '高燒不退', '抽搐', '嗜睡', '意識不清', '臉色蒼白', '呼吸困難', '手腳潰瘍水泡', '口咽部潰瘍水泡', '紅疹']",https://health.udn.com/disease/sole/61681
玫瑰疹,['Roseola Infantum'],"['小兒科', '皮膚科']",['皮膚'],"['高燒', '焦躁不安', '食慾不佳', '反覆發燒', '咳嗽；流鼻涕', '輕微腹瀉', '出疹', '流鼻水', '眼睛紅', '喉嚨發炎', '頭後方淋巴腺腫', '抽筋']",https://health.udn.com/disease/sole/61683
先天性膽道閉鎖,['biliary atresia'],"['小兒科', '胃腸肝膽科', '小兒外科']","['肝', '膽']","['黃疸', '灰白便', '肝臟腫大', '腹部腫脹', '脾臟腫大', '腹水', '眼白變黃', '厭食', '嗜睡']",https://health.udn.com/disease/sole/61684
疱疹性牙齦口腔炎,['Herpetic Gingivostomatitis'],"['小兒科', '耳鼻喉科']",['口腔'],"['口腔破皮', '口腔潰瘍', '發高燒', '流口水', '食慾差', '躁動不安', '起水泡', '牙齦腫脹', '牙齦糜爛', '出血', '口臭', '吞嚥劇痛', '無法進食', '便祕', '脫水']",https://health.udn.com/disease/sole/61685
鵝口瘡,"['Oral Thrush', ' Candidiasis']","['小兒科', '耳鼻喉科']",['口腔'],"['煩躁不安', '食慾下降', '輕微發燒', '唇內白斑', '頰齶白斑', '舌白斑', '拒食', '吞嚥困難']",https://health.udn.com/disease/sole/61686
妊娠糖尿病,['Gestational Diabetes Mellitus'],['婦產科'],['胰;胰島素'],"['多吃', '多喝', '多尿', '疲倦']",https://health.udn.com/disease/sole/61698
月經失調,['menstrual disorder'],['婦產科'],['子宮'],"['經痛', '停經', '經期不規律', '月經過多', '月經過少', '無月經', '經期過長', '經期過短']",https://health.udn.com/disease/sole/61699
骨盆腔發炎,['pelvic'],['婦產科'],"['子宮', '輸卵管', '卵巢']","['腹痛', '腰痛', '陰道分泌物增加', '畏寒', '發燒', '陰道出血', '排尿疼痛', '腹瀉', '頻尿', '食慾不振', '噁心', '嘔吐', '腹脹', '月經失調']",https://health.udn.com/disease/sole/61700
卵巢炎,['Oophoritis'],['婦產科'],['卵巢'],"['腹痛', '腰痛', '陰道分泌物增加', '畏寒', '發燒', '陰道出血', '腹瀉', '頻尿', '食慾不振', '噁心', '嘔吐', '腹脹', '月經失調']",https://health.udn.com/disease/sole/61701
卵巢囊腫,['Ovarian cysts'],['婦產科'],['卵巢'],"['腹痛', '腹部腫脹', '經痛', '月經失調', '陰道分泌物增加', '陰道出血', '腹瀉', '食慾不振', '噁心', '嘔吐', '發燒']",https://health.udn.com/disease/sole/61702
子宮外孕,['ectopic pregnancy'],['婦產科'],"['子宮', '輸卵管', '卵巢', '腹腔']","['腹痛', '腹部腫脹', '經痛', '月經失調', '陰道出血', '腹瀉', '食慾不振', '噁心', '嘔吐', '發燒', '血壓降低', '心跳變快']",https://health.udn.com/disease/sole/61703
多囊性卵巢症候群,"['Polycystic Ovarian Syndrome', 'PCOS', 'Stein-Leventhal Syndrome']","['婦產科', '代謝內分泌科']",['卵巢'],"['月經紊亂', '月經稀少', '閉經', '無排卵性月經', '子宮不正常出血', '肥胖', '體毛過多', '長鬍子', '青春痘', '皮脂旺盛', '雄性禿', '掉髮', '代謝異常', '卵巢濾泡數過多']",https://health.udn.com/disease/sole/61704
早發性卵巢衰竭,"['Premature Ovarian Failure', 'POF']",['婦產科'],['卵巢'],"['月經減少', '月經週期異常', '閉經', '臉潮紅', '夜間盜汗', '疲倦', '心悸', '情緒低落', '皮膚乾燥', '失眠', '陰道乾澀', '性交疼痛', '停經']",https://health.udn.com/disease/sole/61705
卵巢囊腫破裂,"['Rupture of Ovarian cyst', 'Ovarian Rupture']",['婦產科'],['卵巢'],"['急性腹痛', '噁心', '嘔吐', '胃痛', '腹瀉', '陰道出血', '腹腔積血']",https://health.udn.com/disease/sole/61706
輸卵管積水,['Hydrosalpinx'],['婦產科'],['輸卵管'],"['輸卵管水腫', '陰道分泌物增多', '腹痛', '不孕']",https://health.udn.com/disease/sole/61707
子宮頸糜爛,['cervical erosion'],['婦產科'],"['子宮頸', '陰道']","['陰道分泌物增加', '陰道出血', '分泌物惡臭', '陰部搔癢疼痛']",https://health.udn.com/disease/sole/61709
子宮頸息肉,['cervical polyp'],['婦產科'],"['子宮頸', '陰道']","['陰道分泌物增加', '分泌物帶血', '陰道出血', '分泌物惡臭', '性行為後出血', '排便異常出血', '經期不正常出血', '經血量過多', '經期增長']",https://health.udn.com/disease/sole/61710
子宮內膜息肉,['Endometrial polyp'],['婦產科'],['子宮'],"['陰道出血', '不正常月經出血', '性交後出血', '經痛', '陰道分泌物增加', '下腹部墜痛感', '分泌物惡臭', '停經後出血', '經血量過多', '經期增長']",https://health.udn.com/disease/sole/61711
子宮肌瘤,['Fibromyoma'],['婦產科'],['子宮'],"['子宮異常出血', '經血過多', '貧血', '疲勞', '經痛', '經期延長', '月經量增加', '月經有血塊', '便秘', '脹氣', '頻尿', '小便滯留', '失禁', '慢性骨盆腔疼痛', '下肢水腫', '靜脈曲張', '腹痛', '腰痠', '輸卵管水腫']",https://health.udn.com/disease/sole/61721
川崎病,['Kawasaki disease'],"['小兒科', '小兒感染科', '小兒心臟科']","['皮膚', '粘膜', '淋巴']","['發燒', '紅眼', '嘴唇乾裂', '舌頭紅腫', '草莓舌', '喉嚨發炎', '喉嚨紅腫', '四肢末稍浮腫(疾病早期)', '四肢末稍脫皮(疾病後期)', '頸部淋巴結腫大', '皮膚紅疹']",https://health.udn.com/disease/sole/76166
猩紅熱,['Scarlet fever'],"['小兒科', '家庭醫學科', '耳鼻喉科', '一般內科']","['皮膚', '咽喉']","['發燒', '喉嚨痛', '頭痛', '腹痛', '皮疹', '舌頭紅腫', '臉部潮紅', '扁桃腺發炎', '頸部淋巴結腫痛', '脫皮']",https://health.udn.com/disease/sole/76170
雷氏症候群,['Reye syndrome'],"['小兒科', '小兒神經科', '小兒腸胃科']","['腦部', '肝臟']","['嘔吐', '哭鬧', '頭痛', '意識混亂', '嗜睡', '抽搐', '譫妄', '過度換氣', '昏迷']",https://health.udn.com/disease/sole/76171
焦慮症,['Anxiety Disorders'],"['身心精神科', '家醫科']",['心理'],"['緊張', '焦慮', '鑽牛角尖', '不耐煩', '分心', '易怒', '暈眩', '呼吸窘迫', '胸悶', '心跳急促', '心悸', '雙手發抖', '發熱', '臉紅', '冒冷汗', '多汗', '腹瀉', '頻尿', '反胃', '失眠', '體重減輕', '說話結巴', '口乾舌燥', '鬱悶']",https://health.udn.com/disease/sole/176
憂鬱症,"['Depression', 'Depressive disorder', 'Melancholia']","['身心精神科', '家庭醫學科']",['心理'],"['情緒低落', '想哭', '易怒', '食慾反常', '體重反常', '性慾低', '失眠', '嗜睡', '倦怠', '四肢無力', '悲觀', '反應遲緩', '健忘', '心悸', '胸悶', '自殺念頭', '自殘', '恐慌', '焦躁', '注意力不集中', '頭痛', '胃痛', '腰痛', '消化不良', '腹瀉', '便秘']",https://health.udn.com/disease/sole/179
失眠,['Insomnia'],"['家醫科', '身心精神科', '神經科']",['腦部'],"['難入睡', '淺睡', '易驚醒', '多夢', '早醒', '疲倦', '哈欠連連', '食慾低落', '精神渙散', '頭痛', '記憶力衰退', '喪失身心動力', '胸悶', '肩頸酸痛', '腹脹']",https://health.udn.com/disease/sole/190
思覺失調症,['Schizophrenia'],['身心精神科'],['腦部'],"['幻覺', '幻聽', '妄想', '胡言亂語', '言語片段', '疏離人群', '退縮', '情感冷漠', '攻擊', '破壞', '自殘', '思考障礙', '注意力無法集中', '睡眠障礙']",https://health.udn.com/disease/sole/232
強迫症,"['Obsessive Compulsive Disorder', ' OCD']",['身心精神科'],['心理'],"['強迫聯想', '重複回憶', '重複疑慮', '反覆檢查', '強迫洗滌', '強迫計數', '動作儀式化', '強迫思考', '思維對立化', '焦慮']",https://health.udn.com/disease/sole/233
自閉症,['Autism'],"['身心精神科', '小兒科', '復健科']",['腦部'],"['冷漠', '不理人', '不看人', '失語', '仿說', '不合群', '行為固著', '自殘', '動作重覆', '行為固定']",https://health.udn.com/disease/sole/234
亞斯伯格症,"['Asperger Syndrome', ' AS']","['身心精神科', '小兒科', '復健科']",['腦部'],"['孤僻', '固執', '衝動不安', '忽喜忽怒', '執著', '自我中心', '自殘', '動作重覆', '行為固定', '興趣狹隘']",https://health.udn.com/disease/sole/235
躁鬱症,"['Bipolar Disorder', ' Manic-depressive Psychosis', ' Bipolar affective disorder']",['身心精神科'],['腦部'],"['亢奮', '易怒', '不想睡', '多話', '失焦', '激躁不安', '情緒起伏大', '情緒低落', '疲倦', '無力', '無價值感', '罪惡感', '想自殺', '注意力不集中', '食慾改變']",https://health.udn.com/disease/sole/236
恐慌症,['Panic Disorder'],['身心精神科'],['心理'],"['心跳加速', '呼吸急促', '害怕', '焦慮', '暈眩', '頭痛', '反胃', '顫抖', '冒冷汗', '吞嚥困難', '胸痛', '胸悶', '灼熱', '指尖麻痺', '失控']",https://health.udn.com/disease/sole/237
厭食症,['Anorexia Nervosa'],['身心精神科'],['心理'],"['體重驟降', '拒食', '暴食', '噁心', '嘔吐', '反胃', '腹脹', '疲倦', '便祕', '全身無力', '精神抑鬱', '暈眩', '喘氣', '心律不整', '畏寒', '低溫', '貧血']",https://health.udn.com/disease/sole/238
譫妄症,['Delirium'],"['身心精神科', '老年醫學科']",['腦部'],"['反應遲鈍', '注意力不集中', '幻覺', '記憶障礙', '自我定位障礙', '妄想', '情緒不穩定', '震顫', '癲癇', '胡言亂語', '晝夜顛倒', '失眠', '失憶', '昏睡']",https://health.udn.com/disease/sole/240
失智症,['Dementia'],"['身心精神科', '神經科', '家醫科', '老年醫學科']",['腦部'],"['記憶障礙', '語言障礙', '行為重複', '被害心理', '算術能力喪失', '迷路', '日夜顛倒', '憂鬱', '幻覺', '妄想', '偏執', '無法自我照顧', '步伐不穩', '個性改變', '情緒不穩']",https://health.udn.com/disease/sole/241
妄想症,"['Delusion Disorder', ' Paranoia']",['身心精神科'],['心理'],"['頭暈', '心神不寧', '被害妄想', '狂熱', '疑神疑鬼', '失眠', '憂鬱', '嫉妒', '惱羞成怒', '跟蹤', '騷擾', '襲擊']",https://health.udn.com/disease/sole/242
神經衰弱症,['Neurasthenia'],"['身心精神科', '神經科']","['腦部', '神經系統']","['精神倦怠', '容易疲勞', '腦力遲鈍', '健忘', '失眠', '難入睡', '多夢', '易怒', '躁動', '缺乏耐心', '頭痛', '頭脹', '頭暈目眩', '耳鳴', '肩頸僵硬', '腰痠背痛', '手腳痛', '胸悶', '食慾差', '頻尿', '腹瀉', '消化不良', '多汗', '心跳加快', '肌肉緊繃', '注意力不集中', '記憶力衰退']",https://health.udn.com/disease/sole/243
注意力不足過動症,"['(Attention-Deficit/Hyperactivity Disorder', ' ADHD)']","['兒童心智科', '兒童精神科']",['大腦前額葉'],"['注意力不集中', '過動', '衝動', '學習障礙', '對立反抗與行為規範障礙', '憂鬱症', '抽搐', '妥瑞氏症', '躁鬱症', '睡眠障礙']",https://health.udn.com/disease/sole/76159
水痘,['Varicella'],"['皮膚科', '家醫科', '感染科']",['皮膚'],"['水疱', '發燒', '食慾不振', '紅疹', '疹疱', '斑疹', '丘疹', '皮膚搔癢', '倦怠', '肌肉疼痛', '關節疼痛']",https://health.udn.com/disease/sole/9
皮膚病,['Skin-Disease'],"['皮膚科', '美容中心', '家醫科']",['皮膚'],"['皮膚紅腫', '皮膚發癢', '不明原因皮膚痛', '發疹', '鱗屑', '角質增生', '水皰', '膿', '分泌物', '皮膚硬塊', '痂皮', '皮膚顏色異變']",https://health.udn.com/disease/sole/1
溼疹,['Eczema'],"['皮膚科', '家醫科']",['皮膚'],"['成片紅斑', '皮疹對稱', '密集性小丘疹', '細微水皰', '滲液', '糜爛', '結痂', '鱗屑', '鱗屑痂', '患部暗紅', '色素沉澱', '苔蘚化', '皮膚搔癢', '皮膚變粗厚', '皸裂', '膿皰', '裂傷', '皮膚腫脹']",https://health.udn.com/disease/sole/2
蕁麻疹,['Urticaria'],"['皮膚科', '家醫科', '風濕過敏免疫科']",['皮膚'],"['皮膚充血', '皮膚發紅', '局部水腫', '皮疹', '團塊', '皮膚發炎', '皮膚搔癢', '膨疹', '組織液滲透', '紅斑', '紅腫', '全身不適', '腹痛', '腹瀉', '頭痛', '高燒', '畏寒', '乏力', '血壓下降', '關節痛']",https://health.udn.com/disease/sole/3
香港腳,"['Tinea Pedis', ""Athlete's Foot""]",['皮膚科'],"['皮膚', '足部']","['足部搔癢', '皮膚表層發白', '足部水皰', '皮屑剝落', '足部皸裂', '足部糜爛', '皮下組織腫脹', '足部皮膚角化', '足部脫皮', '腳臭', '足部紅腫']",https://health.udn.com/disease/sole/4
梅毒,['Syphilis'],"['皮膚科', '泌尿科', '感染科', '婦產科']","['皮膚', '生殖器官', '全身']","['皮膚性潰瘍', '硬下疳', '生殖器官冒發斑疹', '生殖器官冒發丘疹', '生殖器官糜爛', '生殖器官潰瘍', '皮疹', '發燒', '喉嚨痛', '全身乏力', '體重減輕', '脫髮', '頭痛', '關節炎', '骨骼好發炎性軟瘤', '慢性肉芽腫', '梅毒腫', '神經系統麻痺', '噁心', '嘔吐']",https://health.udn.com/disease/sole/5
淋病,['Gonorrhea'],"['皮膚科', '泌尿科', '婦產科', '感染科']",['生殖器官'],"['尿道不適', '解尿困難', '性交疼痛', '頻尿', '尿道化膿', '尿道口紅腫', '血尿', '喉嚨痛', '吞咽不適', '白帶增多', '下腹痛']",https://health.udn.com/disease/sole/7
帶狀疱疹,['Herpes Zoster'],"['皮膚科', '家醫科', '神經科']",['皮膚'],"['乏力', '倦怠', '食慾減退', '發燒', '患處灼熱', '碰觸痛', '發疹', '紅斑', '搔癢', '丘疹', '水泡', '水泡帶狀分布', '神經痛', '失眠', '頭痛']",https://health.udn.com/disease/sole/8
毛囊炎,['Folliculitis'],"['皮膚科', '家醫科']",['皮膚'],"['毛囊性丘疹', '丘疹中心有毛髮貫穿', '紅疹', '疹尖化膿', '膿皰', '流膿', '疤痕', '搔癢', '疼痛']",https://health.udn.com/disease/sole/12
肝斑,['Melasma'],"['皮膚科', '家醫科', '美容中心']","['皮膚', '臉']","['顏面色素沉澱', '黃褐色斑', '灰藍色班', '斑塊分布對稱', '斑塊邊界清楚', '不規則斑狀']",https://health.udn.com/disease/sole/13
牛皮癬,['Psoriasis'],"['皮膚科', '家醫科']","['皮膚', '關節']","['紅斑', '丘疹', '脫屑', '搔癢', '紅色薄膜', '點狀出血', '乾裂', '疼痛', '乾癢']",https://health.udn.com/disease/sole/14
單純皰疹,['Herpes Simplex'],"['皮膚科', '小兒科', '泌尿科', '婦產科', '家醫科']",['皮膚'],"['皮膚敏感', '搔癢', '起水泡', '灼熱感', '疼痛', '刺痛', '排尿困難', '輕微發燒', '肌肉痠', '破皮', '潰瘍', '結痂', '扁桃腺發炎']",https://health.udn.com/disease/sole/175
痤瘡,['Acne vulgaris'],['皮膚科'],['皮膚'],"['粉刺', '丘疹', '膿皰', '紅色硬凸狀結節', '囊腫']",https://health.udn.com/disease/sole/193
脂漏性皮膚炎,['脂漏性皮膚炎'],['皮膚科'],['皮膚'],"['皮膚出油', '皮膚乾燥', '發癢', '發紅', '發炎', '脫屑', '乾屑', '紅斑', '出疹', '黃色皮鱗屑', '黃褐色結痂', '搔癢', '破皮糜爛', '掉髮', '頭皮油垢']",https://health.udn.com/disease/sole/194
甲溝炎,['Paronychia'],"['皮膚科', '一般外科', '整形外科']","['足部', '手部']","['甲溝紅腫', '脹痛', '發炎', '化膿', '甲溝與指甲分開', '指甲變形', '指甲底下顏色變綠變黃', '指甲內生', '甲溝肉芽組織增生']",https://health.udn.com/disease/sole/195
雞眼,['Corn'],['皮膚科'],"['厚繭', '肉刺']","['黃白色固狀硬塊', '明顯壓痛', '走路腳底痛', '角質增生', '表皮長繭']",https://health.udn.com/disease/sole/196
股癬,['Tinea cruris'],['皮膚科'],['鼠蹊部'],"['胯下發紅', '胯下脫皮', '環狀圓形斑片', '脫屑', '丘疹', '搔癢', '水皰', '結痂', '膿包']",https://health.udn.com/disease/sole/197
狐臭,['Armpits odour'],"['皮膚科', '家醫科', '美容中心', '整形外科', '呼吸胸腔科', '神經科']",['腋下'],"['腋下異味', '黃色汗漬', '汗液黏稠', '阿摩尼亞味', '耳道溼黏']",https://health.udn.com/disease/sole/198
粉瘤,['Epidermal cyst'],"['皮膚科', '整形外科', '一般外科']",['皮膚'],"['皮膚腫塊', '觸壓具彈性', '分泌物發炎', '腫痛', '刺痛', '化膿', '流膿', '潰瘍', '異味', '角質鈣化', '纖維化']",https://health.udn.com/disease/sole/199
痱子,['Miliaria'],"['皮膚科', '小兒科']",['皮膚'],"['發紅', '起疹', '騷癢', '灼痛', '刺痛', '紅腫', '膿疱', '發炎', '脫屑', '化膿', '糜爛', '龜裂']",https://health.udn.com/disease/sole/200
酒糟性皮膚炎,['Rosacea'],['皮膚科'],"['皮膚', '臉']","['紅臉', '紅鼻子', '搔癢', '刺痛', '灼熱', '紅色丘疹', '膿皰', '眼睛乾澀', '紅眼', '結膜發炎', '眼皮發炎', '畏光', '局部纖維化', '軟組織增生', '皮膚凹凸不平']",https://health.udn.com/disease/sole/201
異位性皮膚炎,['Atopic dermatitis'],"['皮膚科', '風濕過敏免疫科']",['皮膚'],"['皮膚乾燥', '皮膚敏感', '搔癢', '紅疹', '丘疹', '脫屑', '關節部皮膚增厚', '皮膚變粗', '破皮', '滲出體液', '水泡', '結痂', '毛孔角質化']",https://health.udn.com/disease/sole/202
汗皰疹,['Pompholyx'],['皮膚科'],"['皮膚', '手部', '腳部']","['起水泡', '騷癢', '紅腫', '破皮', '脫屑', '結痂', '刺痛']",https://health.udn.com/disease/sole/203
脂肪瘤,['Lipoma'],"['皮膚科', '一般外科']",['皮膚'],"['皮下腫塊', '橘皮', '間歇痛', '吞嚥不易', '呼吸困難', '血便']",https://health.udn.com/disease/sole/204
褥瘡,"['Pressure Sore', 'Bed sore']","['皮膚科', '一般外科', '整形外科']",['皮膚'],"['疼痛', '紅腫', '起水泡', '發炎', '灼熱感', '脫皮', '無毛', '潰瘍', '化膿', '龜裂', '發黑', '發臭', '腐爛', '發燒']",https://health.udn.com/disease/sole/205
骨髓炎,['Osteomyelitis'],"['骨科', '感染科']",['骨骼'],"['骨頭疼痛', '肢體腫脹', '發燒', '畏寒']",https://health.udn.com/disease/sole/220
椎間盤突出,"['Herniation of intervertebral disc', 'HIVD']","['骨科', '神經科', '復健科']",['脊椎'],"['下背痛', '腰痛', '臀部痠痛', '背部僵硬', '坐骨神經痛', '上下肢體肌肉痙攣', '深部肌腱反射減弱', '大小便失禁', '下肢酸麻', '腿部肌肉無力萎縮', '行走困難']",https://health.udn.com/disease/sole/221
坐骨神經痛,['Sciatica'],"['骨科', '神經科', '復健科']","['下背部', '臀部', '大腿', '小腿', '足踝']","['腰痛', '下肢刺痛', '灼熱感', '麻痺感', '觸電感', '腿部無力', '肌肉萎縮']",https://health.udn.com/disease/sole/222
骨質疏鬆症,['Osteoporosis'],"['骨科', '風溼過敏免疫科', '婦產科 ']",['骨骼'],"['易骨折', '脊椎壓迫性骨折', '腕骨骨折', '髖骨骨折']",https://health.udn.com/disease/sole/223
髖部骨折,['Hip Fracture'],"['骨科', '一般外科']","['臀部', '髖部']","['鼠蹊部劇痛', '髖部劇痛', '翻身困難', '無法站立', '無法負重', '行走困難', '長短腳', '下肢外翻']",https://health.udn.com/disease/sole/224
肌腱炎,['Tendonitis'],"['復健科', '骨科', '一般外科', '神經科']","['肌腱', '關節']","['疼痛', '紅腫', '發熱', '麻木', '僵硬', '無力']",https://health.udn.com/disease/sole/62099
鈣化性肌腱炎,['Calcifying Tendinitis'],"['復健科', '骨科']","['肌腱', '關節']","['肩膀劇痛', '肩膀無力', '手臂無法抬起', '上臂疼痛']",https://health.udn.com/disease/sole/62100
肩旋轉肌袖病變,"['Frozen Shoulder', ' Subacromial Impingement', ' Rotator Cuff Tendinopathy']","['復健科', '骨科']",['肩關節'],"['肩痛', '頸痛', '肩膀僵硬', '無法舉手', '肩膀無力', '關節活動受限']",https://health.udn.com/disease/sole/62101
手指肌腱狹窄性腱鞘炎,"['Stenosing Tenosynovitis of the Flexor Tendons', 'Trigger Finger', 'Locked Finger', 'Snapping finger']","['復健科', '骨科']",['手指關節'],"['患指充血腫脹', '患部無力', '患部僵硬', '患指伸屈困難', '伸指有聲', '掌指關節痠痛']",https://health.udn.com/disease/sole/62102
腕隧道症候群,"['Carpal Tunnel Syndrome', ' CTS']","['復健科', '骨科', '神經科', '一般外科']",['腕部關節'],"['手麻', '刺痛', '腫脹灼熱', '手痠無力', '手指動作障礙']",https://health.udn.com/disease/sole/62103
肱骨外上髁炎,"['Lateral Epicondylitis', ' Tennis Elbow']","['復健科', '骨科']","['手臂', '手肘']","['肘外側痠痛', '紅腫發熱', '前臂痛', '伸肘疼痛', '手臂無力', '手肘僵硬']",https://health.udn.com/disease/sole/62104
肱骨內上髁炎,"['Medial Epicondylitis', 'Golf Elbow']","['復健科', '骨科']","['手臂', '手肘']","['肘內側痠痛', '紅腫發熱', '壓痛', '握力弱', '屈腕無力']",https://health.udn.com/disease/sole/62105
顏面神經麻痺,['Facial palsy'],['神經科'],['臉'],"['臉歪嘴斜', '無法閉眼', '眼睛乾澀', '臉部麻痺', '口水外流', '抬頭紋消失', '溢淚', '味覺異常', '聽覺異常']",https://health.udn.com/disease/sole/64010
三叉神經痛,['Trigeminal neuralgia'],['神經科'],['臉'],"['臉部疼痛', '咀嚼肌痙攣', '臉部灼熱', '臉部電擊感', '單側頭痛']",https://health.udn.com/disease/sole/64011
運動神經元病,['Motor Neuron Disease'],['神經科'],['肌肉'],"['肌肉萎縮', '肌肉抽動', '四肢無力', '吞嚥困難', '說話困難', '口齒不清', '肢體僵硬', '全身癱瘓']",https://health.udn.com/disease/sole/64012
不寧腿症候群,"['Restless Leg Syndrome', 'RLS']",['神經科'],"['兩側小腿', '足部', '大腿', '臀部', '下背部']","['腿部感覺異常', '針刺感', '搔癢感', '牽拉感', '痛感', '蟲爬感', '雙腿抽動', '麻痛', '睡不安穩', '睡眠間斷']",https://health.udn.com/disease/sole/64013
神經纖維瘤,"['Neurofibromatosis', 'NF']",['神經科'],"['皮膚', '皮下組織', '神經', '骨骼']","['皮膚咖啡牛奶斑', '腋下或腹股溝雀斑', '皮膚腫瘤', '身體腫瘤', '神經纖維瘤', '前庭神經鞘瘤', '虹膜色素缺陷瘤', '視神經膠瘤', '頭大身短', '骨骼及軟組織異常增生', '蝶骨缺陷', '長骨皮質薄化', '耳鳴', '早衰性白內障']",https://health.udn.com/disease/sole/64014
巴金森氏症,"['Parkisonism', "" Parkinson's disease"", ' PD']","['神經科', '復健科', '老年醫學科']","['腦部', '四肢']","['疲倦', '肌肉痠痛', '抽筋', '手腳顫抖', '肢體僵硬', '無力', '關節痛', '彎腰曲背', '動作遲緩', '面無表情', '口齒不清', '音調呆板', '吞嚥困難', '缺乏平衡感', '頭暈', '便祕', '胃脹', '夜晚頻尿', '排尿困難', '多汗', '心悸', '皮膚潮紅', '性功能障礙']",https://health.udn.com/disease/sole/64015
缺血性腦中風,['Ischemic Stroke'],"['神經科', '呼吸胸腔科', '心臟血管科', '復健科']","['腦', '血管']","['單側肢體無力', '單側肢體偏癱', '頭痛', '暈昡', '失語', '視力模糊', '視野缺損', '意識障礙', '運動感覺障礙', '心悸', '抽搐', '噁心嘔吐', '倦怠', '流口水', '吞嚥困難', '言語不清', '嘴歪眼斜', '大小便失禁']",https://health.udn.com/disease/sole/64016
出血性腦中風,['Hemorrhage Stroke'],"['神經科', '心臟血管科', '復健科']","['腦', '血管']","['單側肢體麻木無力', '嘴歪眼斜', '劇烈頭痛', '眩暈', '噁心嘔吐', '意識不清', '昏迷', '言語不清', '失語', '吞嚥困難', '流口水', '走路不穩', '運動失調', '複視', '視力模糊', '視野缺損', '抽搐']",https://health.udn.com/disease/sole/64017
退化性關節炎,['Osteo arthritis（OA）'],['骨科;復健科'],['關節軟骨'],"['關節酸痛無力', '關節僵硬', '足踝疼痛', '腰痠背痛', '蹲下站起困難', '關節腫大積水', '關節變形', '骨刺生成']",https://health.udn.com/disease/sole/76161
半月軟骨破裂,['Meniscus tear'],['骨科'],['膝關節軟骨'],"['膝蓋腫脹', '膝蓋僵硬', '膝蓋疼痛', '膝蓋異常聲響', '膝蓋活動不順', '蹲下困難', '伸直困難']",https://health.udn.com/disease/sole/76162
足底筋膜炎,['plantar fasciitis'],"['骨科', '復建科']","['腳底足弓', '腳跟']","['小腿緊繃', '腳跟疼痛', '腳底按壓疼痛']",https://health.udn.com/disease/sole/76163
類風濕性關節炎,"['Rheumatoid Arthritis', 'RA']",['風濕過敏免疫科'],"['四肢周邊關節', '肌肉', '肌腱', '皮膚', '眼睛', '心臟', '肺臟', '血管', '神經']","['倦怠虛弱', '精神不濟', '食慾不振', '體重減輕', '關節紅腫熱痛', '晨僵現象關節僵硬', '關節變形', '肌肉萎縮', '皮下結節', '類風濕結節', '發燒', '肌腱炎', '肌腱斷裂', '滑膜炎']",https://health.udn.com/disease/sole/284
僵直性脊椎炎,"['Ankylosing spondylitis', 'AS']",['風濕過敏免疫科'],"['脊椎', '薦腸骨關節', '脊椎周邊肌腱韌帶']","['下背痛', '臀部酸痛', '胸痛', '晨僵', '疲勞', '體重減輕', '手指腳趾腫脹疼痛', '運動範圍受限', '肌腱或韌帶與骨骼交接處發炎', '上下肢關節炎', '眼睛紅痛', '視力模糊', '畏光', '駝背']",https://health.udn.com/disease/sole/285
紅斑性狼瘡,"['Systemic Lupus Erythematosus', 'SLE']","['風濕過敏免疫科', '骨科']",['免疫系統'],"['倦怠', '發燒', '畏寒', '體重減輕', '關節痛', '關節僵硬', '肌肉痛', '肌肉無力', '掉髮', '紅斑', '雷諾氏現象', '水腫', '腹痛', '皮膚疹', '憂鬱', '噁心', '嘔吐', '蛋白尿', '血尿']",https://health.udn.com/disease/sole/286
過敏,['Hypersensitivity'],"['風濕過敏免疫科', '家醫科', '皮膚科', '小兒科', '眼科', '耳鼻喉科']","['免疫系統', '上呼吸道', '眼睛', '皮膚', '胃腸道']","['打噴嚏', '鼻癢', '鼻塞', '流鼻水', '流眼淚', '眼睛癢', '眼睛紅', '皮膚癢', '起疹', '紅腫', '咳嗽', '氣喘', '胸悶', '嘔吐', '腹悶', '腹瀉', '發燒', '頭痛', '倦怠', '睡眠品質差', '呼吸有雜音', '呼吸困難', '心跳急速加快', '胃痙攣', '腸絞痛']",https://health.udn.com/disease/sole/287
糖尿病,['Diabetes mellitus'],"['代謝內分泌科', '家醫科']",['胰臟'],"['易餓', '體重減輕', '疲倦', '口渴', '傷口久不癒合', '四肢刺痛', '四肢發麻', '視力變差', '夜尿增加']",https://health.udn.com/disease/sole/180
甲狀腺機能亢進,['Hyperthyroidism'],['代謝內分泌科'],"['頸', '甲狀腺']","['消瘦', '冒汗', '凸眼', '焦慮', '失眠', '頸部腫大', '心律不整', '手抖', '血壓上升', '心悸', '暴躁', '月經不規則', '體重減輕', '緊張', '掉髮', '腹瀉', '不易懷孕']",https://health.udn.com/disease/sole/244
風濕熱,['rheumatic fever'],['風濕過敏免疫科'],"['肌肉', '肌腱', '韌帶', '關節']","['關節紅腫熱痛', '關節僵硬', '環形紅斑', '身體發熱']",https://health.udn.com/disease/sole/283
甲狀腺機能低下,['Hypothyroidism'],['代謝內分泌科'],"['頸', '甲狀腺']","['嗜睡', '心跳變慢', '畏寒', '皮膚粗糙', '體重增加', '水腫', '便秘', '昏迷', '疲倦']",https://health.udn.com/disease/sole/245
橋本氏甲狀腺炎,"[""Hashimoto's thyroiditis""]",['代謝內分泌科'],"['頸', '甲狀腺']","['疲倦', '怕冷', '便秘', '貧血', '肌肉關節疼痛', '膽固醇升高']",https://health.udn.com/disease/sole/246
亞臨床甲狀腺低能症,['subclinical hypothyroidism'],['代謝內分泌科'],"['頸', '甲狀腺']","['疲倦', '怕冷', '便秘', '症狀輕微的疲倦', '嗜睡']",https://health.udn.com/disease/sole/247
亞急性甲狀腺炎,['Subacute thyroiditis'],['代謝內分泌科'],"['頸', '甲狀腺']","['喉嚨痛', '吞嚥疼痛', '全身痠痛', '倦怠', '發燒', '手抖', '失眠', '食欲不振', '心悸', '盜汗', '頸部腫大', '聲音沙啞', '肌肉關節疼痛', '緊張']",https://health.udn.com/disease/sole/248
甲狀腺結節,['Thyroid Nodule'],['代謝內分泌科'],"['頸', '甲狀腺']","['頸部腫大', '頸部腫塊', '體重減輕', '失眠', '暴躁']",https://health.udn.com/disease/sole/249
甲狀腺毒性週期性麻痺,['thyrotoxic perioidic paralysis'],['代謝內分泌科'],"['頸', '甲狀腺']","['體重減輕', '手抖', '焦慮', '心悸', '四肢無力', '頭暈', '惡心']",https://health.udn.com/disease/sole/250
甲狀腺風暴,['thyrotoxic crisis'],['代謝內分泌科'],"['頸', '甲狀腺']","['高燒', '心悸', '疲倦', '焦慮', '盜汗', '腹瀉', '惡心', '嘔吐', '黃疸', '嗜睡', '心房顫動', '高血壓', '心律不整', '肺水腫']",https://health.udn.com/disease/sole/251
第1型糖尿病,"['Type 1 diabetes', 'insulin-dependent diabetes mellitus']","['內分泌新陳代謝科', '小兒科']",['胰臟'],"['倦怠', '夜尿', '尿床', '腹痛', '嘔吐', '脫水', '多喝', '多吃', '多尿', '體重減輕', '呼吸急促', '意識喪失']",https://health.udn.com/disease/sole/252
感冒,['common cold'],"['耳鼻喉科', '家醫科']","['咽喉', '鼻']","['打噴嚏', '咳嗽', '流鼻涕', '鼻塞', '頭痛', '喉嚨痛']",https://health.udn.com/disease/sole/177
流行性感冒,['Influenza'],"['家醫科', '耳鼻喉科', '內科']","['咽喉', '鼻']","['發燒', '打噴嚏', '咳嗽', '流鼻涕', '鼻塞', '頭痛', '喉嚨痛', '全身痠痛']",https://health.udn.com/disease/sole/171
愛滋病,"['Acquired Immunodeficiency Syndrome', 'AIDS']",['感染科'],['免疫系統'],"['發燒', '腹瀉', '畏寒', '夜間盜汗', '體重減輕', '咳嗽', '呼吸困難', '氣喘', '淋巴腺腫大', '脾臟腫大', '口腔潰瘍', '牙齦炎', '頭痛']",https://health.udn.com/disease/sole/226
德國麻疹,['Rubella'],"['感染科', '皮膚科', '小兒科']",['皮膚'],"['發燒', '疲倦', '頭痛', '鼻咽炎', '結膜炎', '咽喉疼痛', '關節痛', '全身發疹', '頸部淋巴腺腫大']",https://health.udn.com/disease/sole/227
肺結核,"['Pulmonary Tuberculosis', ' Pulmonary TB']","['感染科', '呼吸胸腔科']",['肺部'],"['長期咳嗽', '咳痰', '咳血', '胸痛', '胸口緊悶', '呼吸困難', '呈粘液樣膿性痰', '食慾不振', '體重減輕', '午後近傍晚發燒', '疲倦乏力', '夜間盜汗']",https://health.udn.com/disease/sole/228
敗血症,['Sepsis'],['感染科'],['血液'],"['發燒', '寒顫', '心跳過快', '抽筋', '呼吸急促', '心跳加快', '意識改變', '低血壓', '呼吸性鹼中毒', '體溫過低', '白血球異常', '腹痛', '咳嗽', '喘', '食欲不振', '噁心嘔吐', '腹脹', '肌肉痛', '關節痛', '皮疹']",https://health.udn.com/disease/sole/229
天花,['Smallpox'],['感染科'],['皮膚'],"['高燒', '背痛', '疲倦', '發疹', '頭痛', '腹痛', '嘔吐', '口咽潰瘍', '水泡', '膿泡', '軟組織膿腫', '角膜潰瘍', '結痂', '發冷']",https://health.udn.com/disease/sole/230
破傷風,['Tetanus'],"['感染科', '家醫科']","['皮膚', '肌肉', '神經系統']","['倦怠', '頭痛', '出汗', '激動', '咀嚼無力', '牙關緊閉', '顏面僵硬', '頸肌異常', '腹部僵硬', '肌肉收縮', '肌肉痙攣', '抽搐', '角弓反張', '痙笑', '心悸', '呼吸急促', '全身性僵直', '癲癇']",https://health.udn.com/disease/sole/231
支氣管炎,['Bronchitis'],['呼吸胸腔科'],['氣管'],"['乾咳', '咳痰', '胸悶', '全身酸痛', '發燒', '呼吸有雜音', '呼吸急促', '咳嗽', '喘息']",https://health.udn.com/disease/sole/60912
氣喘,['asthma'],['呼吸胸腔科'],"['氣管', '胸部']","['咳嗽', '呼吸聲音很大', '呼吸急促', '胸悶', '呼吸困難', '夜咳', '喘鳴']",https://health.udn.com/disease/sole/60913
肺炎,['Pneumonia'],"['呼吸胸腔科', '胸腔科', '呼吸治療科']","['氣管', '胸部']","['咳嗽', '咳痰', '發燒', '畏寒', '胸痛', '呼吸急促', '呼吸困難', '咳血', '頭疼', '食慾減退', '疲倦', '腹瀉', '噁心', '嘔吐']",https://health.udn.com/disease/sole/60914
肺氣腫,"['Emphysema', 'Pulmonary Emphysema', 'Emphysema of Lung']",['呼吸胸腔科'],['肺'],"['慢性咳嗽', '喘鳴聲', '易喘', '咳痰', '咳血', '呼吸困難', '呼吸短促', '胸悶', '全身乏力', '心悸', '體重減輕', '容易疲倦', '水腫', '發紺', '頭痛', '入睡困難', '精神恍惚', '食慾不振']",https://health.udn.com/disease/sole/60915
百日咳,['Pertussis'],"['小兒科', '家醫科', '呼吸胸腔科', '感染科']",['呼吸道'],"['流鼻水', '打噴嚏', '咳嗽', '哮咳', '疲倦', '發燒', '食慾不振', '咳嗽後嘔吐', '呼吸暫停', '發紺']",https://health.udn.com/disease/sole/61682
